title,company name,link
newPython Software Engineer II - Fixed Income Technology,Bank of America,https://www.indeed.com//cmp/Bank-of-America
newJunior Programmer,Columbia University,https://www.indeed.com//cmp/Columbia-University
newAssociate Software Developer,NYISO,https://www.indeed.com//cmp/Nyiso
Python Developer - eTrading,Pinnacle Group Workplace Solutions Provider,Link is not available
newSoftware Engineer,Capital One - US,https://www.indeed.com//cmp/Capital-One
Software Engineer III - Python Developer,Bank of America,https://www.indeed.com//cmp/Bank-of-America
Junior Software Engineer,Alloy,https://www.indeed.com//cmp/Alloy
newJunior Software Engineer,Balyasny,https://www.indeed.com//cmp/Balyasny-Asset-Management
2022 Software Engineer Program - Full Time Opportunity,"JPMorgan Chase Bank, N.A.",https://www.indeed.com//cmp/Chase-2
Associate Software Engineer I,ACLU,https://www.indeed.com//cmp/American-Civil-Liberties-Union
newFull Stack Software Engineer (Python/React),"JPMorgan Chase Bank, N.A.",https://www.indeed.com//cmp/Chase-2
Software Development Engineer,Adobe,https://www.indeed.com//cmp/Adobe
Python Developer - Zinc Team,Bank of America,https://www.indeed.com//cmp/Bank-of-America
Telecommuting Software Developer,Rio Software,Link is not available
newSoftware Development Advisor,Cloud and Things,https://www.indeed.com//cmp/Cloud-and-Things
Java/Python Developer,ACS Group,https://www.indeed.com//cmp/ACS-Group-10
"Associate Software Engineer, Game Services",WarnerMedia,https://www.indeed.com//cmp/Warnermedia
JUNIOR SOFTWARE DEVELOPER,Fundamental Interactions,Link is not available
"newMusic Operations Specialist, YouTube",YouTube,https://www.indeed.com//cmp/Youtube
Quant Developer,New York Life Insurance Co,https://www.indeed.com//cmp/New-York-Life
Software Developer,Fitocracy,Link is not available
Software Engineer,Showtime,https://www.indeed.com//cmp/CBS-Showtime
"Software Engineer, TikTok Backend",TikTok,https://www.indeed.com//cmp/Tiktok
JPC - 671 - VueJS Developer or Python Developer,Promantis Inc,Link is not available
"Android Engineer, Developer Experience",Spotify,https://www.indeed.com//cmp/Spotify
"Team Lead, Python Developer",Altus Group,https://www.indeed.com//cmp/Altus-Group
Backend Software Engineer - TikTok Content Growth,TikTok,https://www.indeed.com//cmp/Tiktok
Python Engineer,Check Point Software Technologies Ltd.,https://www.indeed.com//cmp/Check-Point-Software-Technologies
C++ Developer (Associate),Alpha Beta Investments,Link is not available
Software Developer,Architecture Technology Corporation (ATCorp),Link is not available
newSoftware Engineer - IBM Research,IBM,https://www.indeed.com//cmp/IBM
Assistant Engineer,LOCKHEED MARTIN CORPORATION,https://www.indeed.com//cmp/Lockheed-Martin
Low Latency C++ Developer - VP,Barclays,https://www.indeed.com//cmp/Barclays
Python Developer,ION,https://www.indeed.com//cmp/Ion
newSenior Python Software Engineer,"JPMorgan Chase Bank, N.A.",https://www.indeed.com//cmp/Chase-2
Full Stack Developer,The Powerline Group,https://www.indeed.com//cmp/The-Powerline-Group
Software Engineer - Python,"Amplify Education, Inc.","https://www.indeed.com//cmp/Amplify-Education,-Inc."
Software Engineer - Python,Backstage,https://www.indeed.com//cmp/Backstage
Business Intelligence Developer,Harris Computer Systems,https://www.indeed.com//cmp/Harris-Computer-Systems
Application Developer,National Hockey League,https://www.indeed.com//cmp/National-Hockey-League
Fullstack Developer,The Recount,Link is not available
"newJr Analyst / Programmer, CART",University of Rochester,https://www.indeed.com//cmp/University-of-Rochester
Junior Front End / Full Stack Software Engineer,Plectica,Link is not available
Application Developer - AWS Remote or Hybrid,HealthFirst,https://www.indeed.com//cmp/Healthfirst
newQuartz Core SDLC Developer,Bank of America,https://www.indeed.com//cmp/Bank-of-America
Junior Front End / Full Stack Software Engineer,Plectica,Link is not available
newQuartz Core SDLC Developer,Bank of America,https://www.indeed.com//cmp/Bank-of-America
Computer Engineer,LOCKHEED MARTIN CORPORATION,https://www.indeed.com//cmp/Lockheed-Martin
UI Developer,Virtu Financial,https://www.indeed.com//cmp/Virtu-Financial
"Software Engineer, Fullstack",CB Insights,https://www.indeed.com//cmp/Cb-Insights
Junior Developer / Messaging Engineer,BGC Partners,https://www.indeed.com//cmp/Bgc-Partners
Senior Software Engineer - Python (Operator Development),Canonical,https://www.indeed.com//cmp/Canonical
newC++ with Python OR Python + Angular Developer,ACS Group,https://www.indeed.com//cmp/ACS-Group-10
new.Net developer,Capgemini,https://www.indeed.com//cmp/Capgemini
newOracle Forms Developer,SGS,https://www.indeed.com//cmp/Sgs-1
Research Software Development Engineer,Microsoft,https://www.indeed.com//cmp/Microsoft
"iOS Performance Engineer, Main App Quality",Spotify,https://www.indeed.com//cmp/Spotify
"Software Engineer, Junior",Booz Allen Hamilton,https://www.indeed.com//cmp/Booz-Allen-Hamilton
Backend Engineer,Alma,https://www.indeed.com//cmp/Alma-Spa
"Software Engineer II, Core",Google,https://www.indeed.com//cmp/Google
Software Developer,Barclays,https://www.indeed.com//cmp/Barclays
Business Intelligence Developer,System Innovators,https://www.indeed.com//cmp/System-Innovators
"newLead Back End Developer - Node.js, SQL, or Python",Deloitte,https://www.indeed.com//cmp/Deloitte
Associate Software Engineer - Front End,Priceline.com,https://www.indeed.com//cmp/Priceline
newSoftware Engineer Senior,Zebra Technologies,https://www.indeed.com//cmp/Zebra-Technologies
"Full Stack Engineer, Apple Pay",Apple,https://www.indeed.com//cmp/Apple
Software Developer,element^n,Link is not available
IT Associate - Web Developer: York College/CUNY,The City University of New York (CUNY),https://www.indeed.com//cmp/City-University-of-New-York
newDatabase/MES Developer Co-op,General Motors,https://www.indeed.com//cmp/General-Motors
UI Developer,Deloitte,https://www.indeed.com//cmp/Deloitte
Back End Developer,BioDigital,Link is not available
Machine Learning Engineer,"JPMorgan Chase Bank, N.A.",https://www.indeed.com//cmp/Chase-2
REMOTE Cloud Engineer,Paramount,https://www.indeed.com//cmp/Paramount
Java Developer,Morgan Stanley,https://www.indeed.com//cmp/Morgan-Stanley
Junior Application Developer,"Community Bank, N.A.","https://www.indeed.com//cmp/Community-Bank,-N.a."
